time (ms),accel (m/s^2),gyro(deg/s)
1.000000E+00,3.741657E+00,3.741657E+00
2.000000E+00,8.774964E+00,8.774964E+00
